INSERT INTO parameters_types (	id, 	description, 	color) VALUES
	(0, 	'Неспециализированные (синхронно) конструкции', 	0),
	(1, 	'Морфологические свойства каритивного показателя (по отношению к морфеме, выражающей абсенс)', 	0),
	(2, 	'Уровень реализации каритивного показателя («1» может стоять более чем в одной строке):', 	0),
	(3, 	'Синтаксические функции каритивной группы', 	0),
	(4, 	'Специализированность', 	0),
	(5, 	'Ограничения на тип ориентира или предиката', 	0),
	(6, 	'Тип каритивной ситуации', 	0),
	(7, 	'Тема-рема', 	0),
	(8, 	'Сочетаемость: с какими классами языковых единиц, выражающих абсенса, сочетается данный показатель? (* — не обязательно в каритивном значении)', 	0),
	(9, 	'Референтность — абсенс может быть…', 	0),
	(10, 	'Вовлеченность абсенса', 	0),
	(11, 	'Одушевленность — абсенс может быть…', 	0),
	(12, 	'Продуктивность:', 	0),
	(13, 	'Этимология (специализированных показателей)', 	0),
	(14, 	'Морфосинтаксические свойства абсенса (только выражение грамматических значений / присоединение зависимых «внутри» абсенса, «под» каритивным показателем)', 	0),
	(15, 	'Функции абсенса и другие значения/функции* (во втором случае имеются в виду уже не собственно каритивные контексты)', 	0);


INSERT INTO parameters (	id, 	name, 	example, 	type) VALUES
	('1a', 	'…в пределах слова [выражающего абсенс] — деривационный', 	'без-бород-ый, без-денеж-н-ый', 	2),
	('1b', 	'…в пределах слова [выражающего абсенс] — словоизменительный', 	'эстонск.: tasu-ta ''бесплатный'' (падеж), чувашск. jɨdə-zər ''без собаки''', 	2),
	('1c', 	'…в пределах составляющей (адложной группы)', 	'без денег, «Он не ушёл с деньгами»', 	2),
	('1d', 	'…в пределах (той же) клаузы', 	'«Он не ушёл с деньгами»', 	2),
	('1e', 	'…в пределах дополнительной «вспомогательной» клаузы', 	'«Он ушёл, [не имея денег]», «Он ушёл, [у него не было денег]» «[Не имеющий денег] человек ушёл»', 	2),
	('2a', 	'Аффикс? (какой по позиции?)', 	'', 	1),
	('2b', 	'Клитика/адлог? (какой по позиции?)', 	'', 	1),
	('2c', 	'Клаузальная синтаксическая конструкция?', 	'', 	1),
	('2d', 	'ДРУГОЕ?', 	'', 	1),
	('3', 	'Возможно ли добавление других аффиксов «поверх» (аффиксального) каритивного показателя? (каких?)', 	'финск. suola-ttoma-t <соль-CAR.ADJ-PL> ‘несолёные’, чувашск. sumkə-zər-i-zam <сумка-CAR-P_3-PL> ‘[люди] без сумок’', 	1),
	('4', 	'Возможно ли добавление других аффиксов к самому каритивному показателю (клитике/адлогу)? (каких?)', 	'джуенск. нанайск. mi ənə-həm-bi nasapto ana-i <…очки без-1SG> ‘Я ушёл без очков’ (каритивное служебное слово присоединяет согласовательные посессивные показатели)', 	1),
	('5a', 	'Возможно ли выражение граммем словоклассифицирующих категорий (того же слова) (каких?)', 	'(ср. классный префикс на самом существительном в банту)', 	14),
	('5b', 	'Возможно ли выражение граммем словоизменительных категорий (каких? всех или части?)', 	'', 	14),
	('5c', 	'Возможно ли присоединение абсенсом собственных зависимых (распространение абсенса)?', 	'ср. русск. OK собака без длинного хвоста, но *длинного безхвостая собака; чувашск. matematika këneg-i-zër <математика книга-P_3-CAR> ‘[пришёл] без книги по математике’', 	14),
	('6a', 	'…существительные (имена нарицательные)?', 	'', 	8),
	('6b', 	'…существительные (имена собственные)?', 	'', 	8),
	('6c', 	'…местоимения (личные)?', 	'', 	8),
	('6d', 	'…местоимения (прочие: вопросительные и т.д.)?', 	'', 	8),
	('6e', 	'…нефинитные формы глагола (номинализации, etc.)?', 	'', 	8),
	('6f', 	'…(финитные) глаголы?*', 	'', 	8),
	('6g', 	'…наречия?*', 	'', 	8),
	('6h', 	'…прилагательные?*', 	'', 	8),
	('6i', 	'ДРУГОЕ? (если важна сочетаемость с каким-нибудь неуказанным классом или с более дробными подклассами существительных или местоимений, укажите здесь)', 	'', 	8),
	('7', 	'Является ли показатель (абсолютно) продуктивным?', 	'', 	12),
	('8a', 	'Вторичный предикат — депиктив?', 	'Иван пришёл без денег.', 	3),
	('8b', 	'Вторичный предикат — результатив? (?)', 	'«Ограбил его без денег» (как аналог англ. Killed him dead, Tore the letter open, etc.)', 	3),
	('8c', 	'Обстоятельство (недепиктивный сирконстант)?', 	'Иван открыл банку без ножа.', 	3),
	('8d', 	'Атрибут?', 	'Клиент без денег — плохой клиент. / собака без хвоста', 	3),
	('8e', 	'Предикат / часть предиката?', 	'Иван (был) без денег. / Иван бессовестный. / Иван остался без денег.', 	3),
	('9', 	'Безвершинное употребление? (+ в каких позициях — субъект, дополнение, …?)', 	'[Тот, который] без денег опять тут околачивается. / Бессовестный опять пришёл.', 	3),
	('10', 	'Является ли показатель в целом (т.е. все компоненты вместе, если их несколько) специализированным?', 	'', 	4),
	('11', 	'Является ли в составе показателя хоть одна морфема специализированной (т.е. специфичной для выражения каритива) сама по себе?', 	'', 	4),
	('12a', 	'Тождествен отрицанию комитатива (присловному или сентенциальному)?', 	'«Иван пришёл НЕ С Машей» / «Иван НЕ пришёл С Машей»', 	0),
	('12b', 	'Тождествен конструкции глагольного отрицания (включая некий дополнительный — выраженный или невыраженный — предикат)?', 	'«Иван пришёл, Маша НЕ пришла» / «Иван пришёл, Маша НЕТ» / «Иван пришёл, НЕ взяв деньги»', 	0),
	('12c', 	'Тождествен отрицательной экзистенциальной конструкции?', 	'«Иван пришёл, Маши НЕТ» / «Иван пришёл, денег НЕТ»', 	0),
	('12d', 	'Тождествен отрицательной предикативной посессивной конструкции?', 	'«Иван пришёл, денег НЕ_ИМЕЯ» / «Иван пришёл, У НЕГО денег НЕТ»', 	0),
	('12e', 	'ДРУГОЕ?', 	'', 	0),
	('13', 	'Является ли заимствованным? (из какого языка? от какой единицы?)', 	'', 	13),
	('14', 	'Является ли производным от / восходит к единице с другим значением? (какой?)', 	'К примеру, специализированный каритивный показатель исторически восходит к имени ''отсутствие'' или глаголу ''недоставать''', 	13),
	('15', 	'Можно ли в каритивном показателе вычленить (хотя бы исторически) какой-то показатель отрицания (не собственно каритивного)?', 	'', 	13),
	('16', 	'(Прочая) диахроническая информация (вся доступная)', 	'', 	13),
	('17a', 	'…личным?', 	'Иван пришел без Маши. / John came without Mary.', 	11),
	('17b', 	'…одушевленным?', 	'Иван пришел без собаки / John came without his dog.', 	11),
	('17c', 	'…неодушевленным?', 	'Иван пришел без зонта. / John came without an umbrella.', 	11),
	('18a', 	'…нереферентным?', 	'Нельзя разрезать хлеб без ножа. / Семья без ребёнка', 	9),
	('18b', 	'…определённым?', 	'Иван пришел без Маши.', 	9),
	('18c', 	'…неопределённым?', 	'[Мама жалуется подруге на поставленную сыну двойку] Иван пришел вчера без какого-то учебника (и ему поставили двойку).', 	9),
	('19a', 	'Спутник?', 	'Иван пришел без Маши.', 	15),
	('19b', 	'Инструмент?', 	'Нельзя разрезать хлеб без ножа. / Иван открыл бутылку без штопора / открыл банку без ножа / убил медведя без ружья / повалил дерево без топора.', 	15),
	('19c', 	'Легальное владение?', 	'Плохо жить без машины [не имея машины]. / Я помню Петю (ещё) без машины [когда у него не было машины; потом он её купил]', 	15),
	('19d', 	'Вре́менное обладание?', 	'[Иван забыл дома деньги]. Он уехал без денег. / Иван пошёл в лес без ножа [забыл].', 	15),
	('19e', 	'Предмет одежды?', 	'Иван пришёл без штанов / без шляпы.', 	15),
	('19f', 	'Отношение родства?', 	'Пассажиры без детей стоят в общей очереди.  / Я помню Ивана (ещё) без детей. // Мальчики без братьев растут капризными. / Я помню Ивана ещё без брата [до того, как у него родился брат] (— он был более капризным).', 	15),
	('19g', 	'Отношение часть тела — обладатель?', 	'[Ящерица забежала в дом и отбросила хвост]. Ящерица бегает по дому без хвоста. / Солдат пришёл с войны без ноги/руки. / (?) Иван вышел из ванной без бороды. / На улице стоял солдат без руки.', 	15),
	('19h', 	'Отношение часть целого — целое?', 	'На горе стоит дом без окон. / Машина давно стоит без колёс. / стул без ножки [отломалась] / диван без ножек [сплошной, так устроен]', 	15),
	('19i', 	'Транспорт (средство передвижения)?', 	'Он добрался до деревни без автобуса, пешком', 	15),
	('19j', 	'Смежная сущность / локативность?', 	'речка без пляжа / село без церкви / сад без пруда / дорога без луж', 	15),
	('19k', 	'Параметр ориентира?', 	'Я купила платье без узоров.', 	15),
	('19l', 	'Содержимое?', 	'Я принес мешок без картошки.', 	15),
	('19m', 	'Сопутствующее обстоятельство?', 	'Без солнца холодно.', 	15),
	('19n', 	'Причина / условие? [пересекается с другими функциями]', 	'Без меня ты не сможешь открыть дверь. / Без штопора они не смогли открыть бутылку.', 	15),
	('19o', 	'Исключение участника (при утвердительной клаузе)?', 	'Все уехали в город, кроме Ивана. / Я дал яблоки всем детям, кроме Ивана.', 	15),
	('19p', 	'Исключение участника (при отрицании)?', 	'Никто не поехал в город, кроме Ивана.', 	15),
	('19q', 	'Добавление участника?', 	'Помимо(/без) меня, там было (ещё) пять человек.', 	15),
	('19r', 	'Сопровождающая ситуация?', 	'He bought it without thinking.', 	15),
	('19s', 	'ДРУГОЕ?', 	'', 	15),
	('20a', 	'Есть ли ограничения на тип ориентира?', 	'(например, если бы каритивный показатель использовался в языке только при личном ориентире)', 	5),
	('20b', 	'Есть ли ограничения на тип предиката?', 	'(например, если бы каритивный показатель использовался в языке только с глаголами движения или только с глаголами, обозначающими состояния)', 	5),
	('21a', 	'Вре́менная ситуация?', 	'Маша пришла без зонта (зонт дома). / стул без ножки [отломалась]', 	6),
	('21b', 	'Постоянная ситуация?', 	'На горе стоит дом без окон. / диван без ножек [сплошной, так устроен]', 	6),
	('22a', 	'Абсенс-спутник отсутствует?', 	'Иван обедает без Маши (Маша еще не пришла)', 	10),
	('22b', 	'Абсенс-спутник присутствует, но не участвует?', 	'Иван обедает без Маши (Маша не хочет есть, поэтому она сидит за столом и просто смотрит, как Иван ест)', 	10),
	('23a', 	'Абсенс-инструмент отсутствует?', 	'Иван открыл банку без ножа [ножа у него не было]. / Иван ест конфеты без рук [Иван вернулся с войны безруким, но справляется и так].', 	10),
	('23b', 	'Абсенс-инструмент присутствует, но не участвует?', 	'Иван открыл банку без ножа [нож был, но не понадобился]. / Иван ест конфеты без рук [Иван балуется и ест конфеты без помощи рук (вообще они у него есть)]. / + Едет на велосипеде без рук', 	10),
	('24a', 	'Каритивная группа может быть в теме', 	'(условное:) Без Ивана Маша не поедет в город. / (часть темы:) [Куда это Иван поехал без денег?] Иван поехал без денег В ГОРОД.', 	7),
	('24b', 	'Каритивная группа может быть в реме', 	'[Маша собиралась поехать в город с Иваном, но он заболел. В результате] Маша поехала в город без Ивана. / [Иван не смог найти нож, но в результате у него получилось открыть банку и так] Иван открыл банку без ножа.', 	7),
	('25a', 	'Каритивная группа может быть в контрастной теме', 	'Без Ивана Маша ещё согласится играть [в спектакле], но без Петра — ни за что не согласится. / С Петром Маша согласится играть, а без Петра — точно нет.', 	7),
	('25b', 	'Каритивная группа может быть в контрастной реме', 	'(ответ на частный вопрос:) [Как Иван в итоге открыл банку?] Иван открыл банку БЕЗ НОЖА. / (ответ на альтернативный вопрос:) [Иван в итоге открыл банку ножом или без ножа?] Иван открыл банку БЕЗ НОЖА.', 	7);


INSERT INTO markers (	id, 	value, 	note, 	example, 	translation, 	source, 	lang) VALUES
	(0, 'uon(i)', '', '', '', 'Elizabeth Murane. 1974. Daga Grammar: From Morpheme to Discourse. (Summer Institute of Linguistics: Publications in Linguistics, 43.) Norman: Dallas, Texas: The Summer Institute of Linguistics and the University of Texas at Arlington. https://glottolog.org/resource/reference/id/49393 (glosses are taken from the grammar); Murane, John and Elizabeth Murane, compilers. 2007- [1963-1977]. Daga - English dictionary. https://glottolog.org/resource/reference/id/304182 (glosses are mine - SO)', 'Daga'),
	(1, 'mawa-X-p', '', '', '', 'Elizabeth Murane. 1974. Daga Grammar: From Morpheme to Discourse. (Summer Institute of Linguistics: Publications in Linguistics, 43.) Norman: Dallas, Texas: The Summer Institute of Linguistics and the University of Texas at Arlington. https://glottolog.org/resource/reference/id/49393 (glosses are taken from the grammar); Murane, John and Elizabeth Murane, compilers. 2007- [1963-1977]. Daga - English dictionary. https://glottolog.org/resource/reference/id/304182 (glosses are mine - SO)', 'Daga'),
	(2, '-bo', '', '', '', 'Miriam Corris. 2005. A grammar of Barupu, a language of Papua New Guinea. (Doctoral dissertation, University of Sydney; xxii+411pp.) https://glottolog.org/resource/reference/id/140397', 'Bauni'),
	(3, '-(a)ĝi-lakan [have-NEG.CNJV]', 'There are different negative forms of verbs with -(a)ĝi, and, as these may be different constructions, I analyze them as such, see other sheets in this file. All glosses in the questionnaire are by me, so they may be incorrect.', '', '', 'Bergsland 1994; 1997', 'Aleut'),
	(4, '-(a)ĝi- + -(y)ulux/... [have + NEG]', '"NEG" here corresponds to the (general?) negation marker which has several varieties (see 1e)', '', '', '', 'Aleut'),
	(5, 'marlami', 'basic, though not dedicated', '', '', 'William McGregor. 1990. A Functional Grammar of Gooniyandi. (Studies in Language: Companion Series, 22.) Amsterdam/Philadelphia: Amsterdam: John Benjamins. 618pp.', 'Gooniyandi'),
	(6, '-winyja', 'always means deprivative cause ''because of the lack of''; all 3 examples - "without water"', '', '', 'William McGregor. 1990. A Functional Grammar of Gooniyandi. (Studies in Language: Companion Series, 22.) Amsterdam/Philadelphia: Amsterdam: John Benjamins. 618pp.', 'Gooniyandi'),
	(7, 'lopa NEG', '"The negation marker lopa normally marks only nominals indicating
non-possession. It also immediately follows the nominal." (Lock 2011: 244). "The imperfective negation marker pey is not used in a subordinate
clause, but the perfective negation marker pa and the nominalising negator lopa are both used. The latter might be preferred when the
complete absence of the negated activity is the focus, but the semantic difference between the use of pa or lopa in subordinate clauses is very
small. Both negators seem to be quite interchangeable within subordinate clauses.
When a negation marker occurs in a subordinate clause, it needs to be followed by the stative verb lwak ‘to be’ to form a grammatically correct
sentence." (Lock 2011: 245).', '', '', 'https://glottolog.org/resource/reference/id/22818', 'Abau'),
	(8, 'lopa ma lwak ''NEG RCM be''', '', '', '', 'https://glottolog.org/resource/reference/id/22818', 'Abau');


INSERT INTO records (	marker_id, 	param_id, 	value, 	note, 	example, 	translation, 	source) VALUES
	(0, '1a', '0', '[По каким критериям отнесён к «деривационным»?]', '', '', ''),
	(0, '1b', '0', '[По каким критериям отнесён к «словоизменительным»?]', '', '', ''),
	(0, '1c', '1', 'It is described as a particle, a modifier in a NP. See Murane 1974: 89', 'gare oaen out uoni upi use den di amo-wanum-am [exchange woman child neg others up/there with em go-3p/cont-plg]', '''Ah, in exchange the women without children will keep going with the others up there (to Agaun)!''', 'Murane 1974: 155'),
	(0, '1d', '0', '', '', '', ''),
	(0, '1e', '0', '', '', '', ''),
	(0, '2a', '0', '[Позиционные свойства? Если это часть адложно-падежной конструкции, то какой падеж? По каким критериям отнесён к «аффиксам»?]', '', '', ''),
	(0, '2b', '1', 'It is described as a particle. Normally in postposition to the head. See Murane 1974: 89', 'gare oaen out uoni upi use den di amo-wanum-am [exchange woman child neg others up/there with em go-3p/cont-plg]', '''Ah, in exchange the women without children will keep going with the others up there (to Agaun)!''', 'Murane 1974: 155'),
	(0, '2c', '0', '', '', '', ''),
	(0, '2d', '0', '', '', '', ''),
	(0, '3', 'ND', '', '', '', ''),
	(0, '4', 'ND', 'It could be person-number markers referring to the absentee but there are no appropriate examples.', 'gare oaen out uoni upi use den di amo-wanum-am [exchange woman child neg others up/there with em go-3p/cont-plg]', '''Ah, in exchange the women without children will keep going with the others up there (to Agaun)!''', 'Murane 1974: 155'),
	(0, '5a', 'IRR', '', '', '', ''),
	(0, '5b', 'ND', '', '', '', ''),
	(0, '5c', 'ND', 'There are example with dependents that are not prototypical caritives.', 'mu nani-wa goanap da uon [they hand-their inside a neg]', '''(It is) definitely not in their hands''', 'Murane 1974: 26-27'),
	(0, '6a', '1', '', 'gare oaen out uoni upi use den di amo-wanum-am [exchange woman child neg others up/there with em go-3p/cont-plg]', '''Ah, in exchange the women without children will keep going with the others up there (to Agaun)!''', 'Murane 1974: 155'),
	(0, '6b', 'ND', '', '', '', ''),
	(0, '6c', 'ND', 'There is an example which is not proper caritive.', '…ame me uon [that he neg]', '(While he continues to search and search,) there is no one.''', 'Murane 1974: 254-255'),
	(0, '6d', 'ND', 'demonstrative / anaphoric pronoun occurs in an unclear example', 'Anega anun dore yangut taiwandanepiwa ameme uon. [thus she\thought she\climbed looking while\she\is\doing that neg]', 'Thus she thought, and she climbed (up the hill), (but) while she was searching she saw no one''.', 'Murane 1974: 419-420'),
	(0, '6e', 'ND', '', '', '', ''),
	(0, '6f', 'ND', 'It might combine with finite verbs, but it preposes the verb (is it a different construction then?).', 'yau-a wa-iwandin / uon ta-iwandin [name-his say-3s/p/cont / neg do-3s/p/cont]', '''He was answering (roll call) (and) was not working.''', 'Murane 1974: 180'),
	(0, '6g', 'ND', 'It''s in a predicative use.', 'itapa uon / atapa uon [down/there neg / over/there neg]', '''(They are) neither down there nor over there (but are in the middle).''', 'Murane 1974: 229'),
	(0, '6h', '1', '', 'Nao otu.da baware uon … [work little big neg]', '(Because) (there is) not a lot of work (left to do)'', {but (there are) only two little edges of ground.}', 'Murane 1974: 433'),
	(0, '6i', 'ND', '', '', '', ''),
	(0, '7', 'ND', '', '', '', ''),
	(0, '8a', 'ND', '', '', '', ''),
	(0, '8b', 'ND', '', '', '', ''),
	(0, '8c', 'ND', '', '', '', ''),
	(0, '8d', '1', '', 'gare oaen out uoni upi use den di amo-wanum-am [exchange woman child neg others up/there with em go-3p/cont-plg]', '''Ah, in exchange the women without children will keep going with the others up there (to Agaun)!''', 'Murane 1974: 155'),
	(0, '8e', 'ND', '', '', '', ''),
	(0, '9', 'ND', '', '', '', ''),
	(0, '10', '0', '', '', '', ''),
	(0, '11', '0', '', '', '', ''),
	(0, '12a', '0', 'Comitative is expressed by the particles boen, tana, ena, den. Murane 1974: 20-21 Negation of comitative might include one of these particles.', '', '', ''),
	(0, '12b', '0', 'It is expressed by ya', 'taba da ya na-ton [food a neg eat-1p\p]', 'We didn''t eat any food''', 'Murane 1974: 26'),
	(0, '12c', '1', '', 'Oaenapan da uon. [people a neg]', '''There were no people. (Only he descended!)''', 'Murane 1974: 302'),
	(0, '12d', '1', '', 'nani-na umap uon [hand-my sufficient neg] / naw-an uon [garden-my neg]', 'I don''t have any'' / ''I do not have a garden''', 'Murane, Murane 2007: 64'),
	(0, '12e', '1', '"uon occurs in the Comment of the Equational Clause, the Summary Negative tagmeme of the Summary Negative Sentence, the Alternative of the Conversational Alternative sentence, and as a negative response to a yes-no interrogative" Murane 1974: 26', 'mu nani-wa goanap da uon [they hand-their inside a neg]', '(It is) definitely not in their hands''', 'Murane 1974: 26-27'),
	(0, '13', 'IRR', '[Источник заимствования: язык и единица]', '', '', ''),
	(0, '14', 'IRR', '', '', '', ''),
	(0, '15', 'IRR', '', '', '', ''),
	(0, '16', 'IRR', '', '', '', ''),
	(0, '17a', '1', '', 'gare oaen out uoni upi use den di amo-wanum-am [exchange woman child neg others up/there with em go-3p/cont-plg]', '''Ah, in exchange the women without children will keep going with the others up there (to Agaun)!''', 'Murane 1974: 155'),
	(0, '17b', 'ND', 'Examples on non-caritive uses.', 'man da uon [animal a neg]', '''(There was) not a single animal''', 'Murane 1974: 26'),
	(0, '17c', 'ND', 'Examples on non-caritive uses.', 'boge kaimewa uon… [shell bone/his neg]', ' ''(There are) no shells…''', 'Murane 1974: 200'),
	(0, '18a', '1?', 'The context is not clear.', 'gare oaen out uoni upi use den di amo-wanum-am [exchange woman child neg others up/there with em go-3p/cont-plg]', '''Ah, in exchange the women without children will keep going with the others up there (to Agaun)!''', 'Murane 1974: 155'),
	(0, '18b', 'ND', '', '', '', ''),
	(0, '18c', 'ND', '', '', '', ''),
	(0, '19a', 'ND', '', '', '', ''),
	(0, '19b', 'ND', '', '', '', ''),
	(0, '19c', 'ND', '', '', '', ''),
	(0, '19d', 'ND', '', '', '', ''),
	(0, '19e', 'ND', '', '', '', ''),
	(0, '19f', '1', '', 'gare oaen out uoni upi use den di amo-wanum-am [exchange woman child neg others up/there with em go-3p/cont-plg]', '''Ah, in exchange the women without children will keep going with the others up there (to Agaun)!''', 'Murane 1974: 155'),
	(0, '19g', 'ND', '', '', '', ''),
	(0, '19h', 'ND', '', '', '', ''),
	(0, '19i', 'ND', '', '', '', ''),
	(0, '19j', 'ND', '', '', '', ''),
	(0, '19k', 'ND', '', '', '', ''),
	(0, '19l', 'ND', '', '', '', ''),
	(0, '19m', 'ND', '', '', '', ''),
	(0, '19n', 'ND', '', '', '', ''),
	(0, '19o', 'ND', '', '', '', ''),
	(0, '19p', 'ND', '', '', '', ''),
	(0, '19q', 'ND', '', '', '', ''),
	(0, '19r', 'ND', '', '', '', ''),
	(0, '19s', 'ND', '', '', '', ''),
	(0, '20a', 'ND', '', '', '', ''),
	(0, '20b', 'ND', '', '', '', ''),
	(0, '21a', 'ND', '', '', '', ''),
	(0, '21b', '1?', '', 'gare oaen out uoni upi use den di amo-wanum-am [exchange woman child neg others up/there with em go-3p/cont-plg]', '''Ah, in exchange the women without children will keep going with the others up there (to Agaun)!''', 'Murane 1974: 155'),
	(0, '22a', 'ND', '', '', '', ''),
	(0, '22b', 'ND', '', '', '', ''),
	(0, '23a', 'ND', '', '', '', ''),
	(0, '23b', 'ND', '', '', '', ''),
	(0, '24a', '1', '', 'gare oaen out uoni upi use den di amo-wanum-am [exchange woman child neg others up/there with em go-3p/cont-plg]', '''Ah, in exchange the women without children will keep going with the others up there (to Agaun)!''', 'Murane 1974: 155'),
	(0, '24b', 'ND', '', '', '', ''),
	(0, '25a', 'ND', '', '', '', ''),
	(0, '25b', 'ND', '', '', '', ''),
	(1, '1a', '0', '', '', '', ''),
	(1, '1b', '0', '', '', '', ''),
	(1, '1c', '1', 'It is described as a locational postposition with a locational clitic -p. See Murane 1974: 20', 'mawa-na-p a-en [absent-me-lc go-3s/p]', 'He went when I was absent''', 'Murane, Murane 2007: 59'),
	(1, '1d', '0', '', '', '', ''),
	(1, '1e', '0', '', ']', '', ''),
	(1, '2a', '0', '', '', '', ''),
	(1, '2b', '1', 'It is described as a locational postposition with a locational clitic -p. See Murane 1974: 20. There are no other examples for this postposition, but other postpositions can follow full nouns.', 'mawa-na-p a-en [absent-me-lc go-3s/p]', 'He went when I was absent''', 'Murane, Murane 2007: 59'),
	(1, '2c', '0', '', '', '', ''),
	(1, '2d', '0', '', '', '', ''),
	(1, '3', 'ND', '', '', '', ''),
	(1, '4', '1', 'Person-number markers attach to the locational root (here mawa-) and agrees with the absentee. There are no examples on mawa- with absentee expressed by full NP, but there is an example on another locational postposition: watat aiga-p [shelf on/top-lc] ''on top of the shelf'', where Ø - 3sg agrees with ''shelf'', and aiga- ''on/top'' is clearly a root. Murane 1974: 19', 'mawa-na-p a-en [absent-me-lc go-3s/p]', 'He went when I was absent''', 'Murane, Murane 2007: 59'),
	(1, '5a', 'IRR', '', '', '', ''),
	(1, '5b', 'ND', '', '', '', ''),
	(1, '5c', 'ND', '', '', '', ''),
	(1, '6a', 'ND', '', '', '', ''),
	(1, '6b', 'ND', '', '', '', ''),
	(1, '6c', '1', '', 'mawa-na-p a-en [absent-me-lc go-3s/p]', 'He went when I was absent''', 'Murane, Murane 2007: 59'),
	(1, '6d', 'ND', '', '', '', ''),
	(1, '6e', 'ND', '', '', '', ''),
	(1, '6f', 'ND', '', '', '', ''),
	(1, '6g', 'ND', '', '', '', ''),
	(1, '6h', 'ND', '', '', '', ''),
	(1, '6i', 'ND', '', '', '', ''),
	(1, '7', 'ND', '', '', '', ''),
	(1, '8a', 'ND', '', '', '', ''),
	(1, '8b', 'ND', '', '', '', ''),
	(1, '8c', '1', 'There is no context, but it is circumstantial according to the translation.', 'mawa-na-p a-en [absent-me-lc go-3s/p]', 'He went when I was absent''', 'Murane, Murane 2007: 59'),
	(1, '8d', 'ND', '', '', '', ''),
	(1, '8e', 'ND', '', '', '', ''),
	(1, '9', 'ND', '', '', '', ''),
	(1, '10', '1', '', '', '', ''),
	(1, '11', '1', '', '', '', ''),
	(1, '12a', 'IRR', '', '', '', ''),
	(1, '12b', 'IRR', '', '', '', ''),
	(1, '12c', 'IRR', '', '', '', ''),
	(1, '12d', 'IRR', '', '', '', ''),
	(1, '12e', 'IRR', '', '', '', ''),
	(1, '13', 'ND', '', '', '', ''),
	(1, '14', 'ND', '', '', '', ''),
	(1, '15', '0?', 'It is not connected neither with "uon", nor with "ya".', '', '', ''),
	(1, '16', '1', 'It might be connected with locational meanings as it is one of the locational postpositions.', '', '', ''),
	(1, '17a', '1', '', 'mawa-na-p a-en [absent-me-lc go-3s/p]', 'He went when I was absent''', 'Murane, Murane 2007: 59'),
	(1, '17b', 'ND', '', '', '', ''),
	(1, '17c', 'ND', '', '', '', ''),
	(1, '18a', 'ND', '', '', '', ''),
	(1, '18b', '1', '', 'mawa-na-p a-en [absent-me-lc go-3s/p]', 'He went when I was absent''', 'Murane, Murane 2007: 59'),
	(1, '18c', 'ND', '', '', '', ''),
	(1, '19a', '1?', 'It is not clear whether it is a real companion ("… if you don''t stay as well") or just a circumstance ("… when you are absent / do not exist").', 'mawa-ya-p ya wanik an [absent-you-lc neg stay 1s/p]', 'I am not staying without you.', 'Murane, Murane 2007: 59'),
	(1, '19b', 'ND', '', '', '', ''),
	(1, '19c', 'ND', '', '', '', ''),
	(1, '19d', 'ND', '', '', '', ''),
	(1, '19e', 'ND', '', '', '', ''),
	(1, '19f', 'ND', '', '', '', ''),
	(1, '19g', 'ND', '', '', '', ''),
	(1, '19h', 'ND', '', '', '', ''),
	(1, '19i', 'ND', '', '', '', ''),
	(1, '19j', 'ND', '', '', '', ''),
	(1, '19k', 'ND', '', '', '', ''),
	(1, '19l', 'ND', '', '', '', ''),
	(1, '19m', '1', '', 'mawa-na-p a-en [absent-me-lc go-3s/p]', 'He went when I was absent''', 'Murane, Murane 2007: 59'),
	(1, '19n', '1?', '', 'mawa-ya-p ya wanik an [absent-you-lc neg stay 1s/p]', 'I am not staying without you.', 'Murane, Murane 2007: 59'),
	(1, '19o', 'ND', '', '', '', ''),
	(1, '19p', 'ND', '', '', '', ''),
	(1, '19q', 'ND', '', '', '', ''),
	(1, '19r', 'ND', '', '', '', ''),
	(1, '19s', 'ND', '', '', '', ''),
	(1, '20a', 'ND', '', '', '', ''),
	(1, '20b', 'ND', '', '', '', ''),
	(1, '21a', 'ND', '', '', '', ''),
	(1, '21b', 'ND', '', '', '', ''),
	(1, '22a', '1', '', 'mawa-na-p a-en [absent-me-lc go-3s/p]', 'He went when I was absent''', 'Murane, Murane 2007: 59'),
	(1, '22b', '0?', 'One can assume that it is "0" because it means ''absent''.', '', '', ''),
	(1, '23a', 'ND', '', '', '', ''),
	(1, '23b', 'ND', '', '', '', ''),
	(1, '24a', '1', '', 'mawa-ya-p ya wanik an [absent-you-lc neg stay 1s/p]', 'I am not staying without you.', 'Murane, Murane 2007: 59'),
	(1, '24b', 'ND', '', '', '', ''),
	(1, '25a', 'ND', '', '', '', ''),
	(1, '25b', 'ND', '', '', '', ''),
	(2, '1a', '0', '', '', '', ''),
	(2, '1b', '0', '', '', '', ''),
	(2, '1c', '0', '', '', '', ''),
	(2, '1d', '1', 'It is a derivational applicative suffix.', 'Mônrai n-opu-tîtí-bo-na. [singsing IRR-2SG.M-dance-WITHOUT-1SG.M]', 'You carry on dancing without me.', '[Corris 2005: 258]'),
	(2, '1e', '0', '', '', '', ''),
	(2, '2a', '0', '', '', '', ''),
	(2, '2b', '0', '', '', '', ''),
	(2, '2c', '1', 'applicative', 'Mônrai n-opu-tîtí-bo-na. [singsing IRR-2SG.M-dance-WITHOUT-1SG.M]', 'You carry on dancing without me.', '[Corris 2005: 258]'),
	(2, '2d', '0', '', '', '', ''),
	(2, '3', 'IRR', '', '', '', ''),
	(2, '4', '1', 'Suffixes that mark person and number of the absentee can follow it.', 'Mônrai n-opu-tîtí-bo-na. [singsing IRR-2SG.M-dance-WITHOUT-1SG.M]', 'You carry on dancing without me.', '[Corris 2005: 258]'),
	(2, '5a', 'ND', 'still there is gender on a pronominal marker', 'Mônrai n-opu-tîtí-bo-na. [singsing IRR-2SG.M-dance-WITHOUT-1SG.M]', 'You carry on dancing without me.', '[Corris 2005: 258]'),
	(2, '5b', 'ND', 'still there are person and number on pronominal marker', 'Mônrai n-opu-tîtí-bo-na. [singsing IRR-2SG.M-dance-WITHOUT-1SG.M]', 'You carry on dancing without me.', '[Corris 2005: 258]'),
	(2, '5c', 'ND', '', '', '', ''),
	(2, '6a', 'ND', '', '', '', ''),
	(2, '6b', 'ND', '', '', '', ''),
	(2, '6c', '1', '', 'Mônrai n-opu-tîtí-bo-na. [singsing IRR-2SG.M-dance-WITHOUT-1SG.M]', 'You carry on dancing without me.', '[Corris 2005: 258]'),
	(2, '6d', 'ND', '', '', '', ''),
	(2, '6e', 'ND', '', '', '', ''),
	(2, '6f', 'ND', '', '', '', ''),
	(2, '6g', 'ND', '', '', '', ''),
	(2, '6h', 'ND', '', '', '', ''),
	(2, '6i', 'ND', '', '', '', ''),
	(2, '7', 'ND', '', '', '', ''),
	(2, '8a', 'ND', 'All these parameters get "ND", since there are no examples of overt NP absentees. But cf.:', 'K-o-kéi-bo-wa. Má páko-páko-kí pôn k-a-kéi-r-í-Ø. [RL-3SG.F-sit-WITHOUT-3SG.M child REDUP-big-AWAY only RL-3SG.M-sit-AG-WITH-3SG.F]', 'She sat without him. Just her second oldest child stayed with her.''', '[Corris 2005: 259]'),
	(2, '8b', 'ND', '', '', '', ''),
	(2, '8c', 'ND', 'But cf.:', 'Mônrai n-opu-tîtí-bo-na. [singsing IRR-2SG.M-dance-WITHOUT-1SG.M]', 'You carry on dancing without me.', '[Corris 2005: 258]'),
	(2, '8d', 'ND', '', '', '', ''),
	(2, '8e', 'ND', '', '', '', ''),
	(2, '9', 'ND', '', '', '', ''),
	(2, '10', '1', '', '', '', ''),
	(2, '11', '1', '', '', '', ''),
	(2, '12a', 'IRR', '', '', '', ''),
	(2, '12b', 'IRR', '', '', '', ''),
	(2, '12c', 'IRR', '', '', '', ''),
	(2, '12d', 'IRR', '', '', '', ''),
	(2, '12e', 'IRR', '', '', '', ''),
	(2, '13', 'ND', '', '', '', ''),
	(2, '14', '0?', '"There are no clear verbal origins for these forms."', '', '', '[Corris 2005: 256]'),
	(2, '15', 'ND', '', '', '', ''),
	(2, '16', 'ND', '', '', '', ''),
	(2, '17a', '1', '', 'Mônrai n-opu-tîtí-bo-na. [singsing IRR-2SG.M-dance-WITHOUT-1SG.M]', 'You carry on dancing without me.', '[Corris 2005: 258]'),
	(2, '17b', 'ND', '', '', '', ''),
	(2, '17c', 'ND', '', '', '', ''),
	(2, '18a', 'ND', '', '', '', ''),
	(2, '18b', '1', '', 'Mônrai n-opu-tîtí-bo-na. [singsing IRR-2SG.M-dance-WITHOUT-1SG.M]', 'You carry on dancing without me.', '[Corris 2005: 258]'),
	(2, '18c', 'ND', '', '', '', ''),
	(2, '19a', '1', '', 'Mônrai n-opu-tîtí-bo-na. [singsing IRR-2SG.M-dance-WITHOUT-1SG.M]', 'You carry on dancing without me.', '[Corris 2005: 258]'),
	(2, '19b', 'ND', '', '', '', ''),
	(2, '19c', 'ND', '', '', '', ''),
	(2, '19d', 'ND', '', '', '', ''),
	(2, '19e', 'ND', '', '', '', ''),
	(2, '19f', 'ND', '', '', '', ''),
	(2, '19g', 'ND', '', '', '', ''),
	(2, '19h', 'ND', '', '', '', ''),
	(2, '19i', 'ND', '', '', '', ''),
	(2, '19j', 'ND', '', '', '', ''),
	(2, '19k', 'ND', '', '', '', ''),
	(2, '19l', 'ND', '', '', '', ''),
	(2, '19m', 'ND', '', '', '', ''),
	(2, '19n', 'ND', '', '', '', ''),
	(2, '19o', 'ND', '', '', '', ''),
	(2, '19p', 'ND', '', '', '', ''),
	(2, '19q', 'ND', '', '', '', ''),
	(2, '19r', 'ND', '', '', '', ''),
	(2, '19s', 'ND', '', '', '', ''),
	(2, '20a', 'ND', '', '', '', ''),
	(2, '20b', 'ND', '', '', '', ''),
	(2, '21a', '1', '', 'Mônrai n-opu-tîtí-bo-na. [singsing IRR-2SG.M-dance-WITHOUT-1SG.M]', 'You carry on dancing without me.', '[Corris 2005: 258]'),
	(2, '21b', 'ND', '', '', '', ''),
	(2, '22a', '1', '', 'K-o-kéi-bo-wa. Má páko-páko-kí pôn k-a-kéi-r-í-Ø. [RL-3SG.F-sit-WITHOUT-3SG.M child REDUP-big-AWAY only RL-3SG.M-sit-AG-WITH-3SG.F]', 'She sat without him. Just her second oldest child stayed with her.''', '[Corris 2005: 259]'),
	(2, '22b', '1?', '', 'Mônrai n-opu-tîtí-bo-na. [singsing IRR-2SG.M-dance-WITHOUT-1SG.M]', 'You carry on dancing without me.', '[Corris 2005: 258]'),
	(2, '23a', 'ND', '', '', '', ''),
	(2, '23b', 'ND', '', '', '', ''),
	(2, '24a', 'ND', '', '', '', ''),
	(2, '24b', '1?', '', 'K-o-kéi-bo-wa. Má páko-páko-kí pôn k-a-kéi-r-í-Ø. [RL-3SG.F-sit-WITHOUT-3SG.M child REDUP-big-AWAY only RL-3SG.M-sit-AG-WITH-3SG.F]', 'She sat without him. Just her second oldest child stayed with her.''', '[Corris 2005: 259]'),
	(2, '25a', 'ND', '', '', '', ''),
	(2, '25b', 'ND', '', '', '', ''),
	(3, '1a', '1', 'The construction contains the verbalizer -(a)ĝi ‘have’ (also ‘use’...) [it can be considered derivational because it changes the PoS of the stem; there is probably also some idiomaticity in some of the derived verbs, cf. ula- house > ula-ĝi- to have a house, live in a house; to stay at home]', 'Luusxi-ĝi-lakan qa-na-x̂. [spoon-have-NEG.CNJV eat-REMOTE_PST-3SG]', '''He/She ate without a spoon''', 'Bergsland 1997: 113, 1994: 508; “Atkan Aleut School Grammar”: 102'),
	(3, '1b', '0', '', '', '', ''),
	(3, '1c', '0', '', '', '', ''),
	(3, '1d', '0', '', '', '', ''),
	(3, '1e', '1', 'The construction is made up by a verbalizer -(a)ĝi ‘have’ (also ‘use’...) attached to the noun expressing the Absentee + a suffix expressing negative conjunctive (which has among its functions expressing simultaneity, cf. [Bergsland 1997: 233])', 'Luusxi-ĝi-lakan qa-na-x̂. [spoon-have-NEG.CNJV eat-REMOTE_PST-3SG]', '''He/She ate without a spoon''', '[there is no place in the literature where the construction as a whole would be described, see sources for particular examples; plus Bergsland 1997: 113, 1994: 508 for -(a)ĝi; plus Bergsland 1994: 518 for -lakan] “Atkan Aleut School Grammar”: 102'),
	(3, '2a', '1', ' -(a)ĝi is a suffix; described as an affix by the author', 'Luusxi-ĝi-lakan qa-na-x̂. [spoon-have-NEG.CNJV eat-REMOTE_PST-3SG]', '''He/She ate without a spoon''', 'Bergsland 1997: 113, 1994: 508; “Atkan Aleut School Grammar”: 102'),
	(3, '2b', '0', '', '', '', ''),
	(3, '2c', '1', '', 'Luusxi-ĝi-lakan qa-na-x̂. [spoon-have-NEG.CNJV eat-REMOTE_PST-3SG]', '''He/She ate without a spoon''', '“Atkan Aleut School Grammar”: 102'),
	(3, '2d', '0', '', '', '', ''),
	(3, '3', 'ND', 'The resulting verb itself can and do attach other verbal affixes, e.g. person-number, but in this particular form probably not', '', '', ''),
	(3, '4', '0?', 'The morphosyntactic make-up of the construction makes it highly implausible that it would attach any affixes that relate to the (incorporated?) noun stem.', '', '', ''),
	(3, '5a', 'IRR', '', '', '', ''),
	(3, '5b', 'ND', 'But, seemingly, the noun stem is always bare', '', '', ''),
	(3, '5c', 'ND', '', '', '', ''),
	(3, '6a', '1', '', 'Luusxi-ĝi-lakan qa-na-x̂. [spoon-have-NEG.CNJV eat-REMOTE_PST-3SG]', '''He/She ate without a spoon''', '“Atkan Aleut School Grammar”: 102'),
	(3, '6b', 'ND', '', '', '', ''),
	(3, '6c', 'ND', '', '', '', ''),
	(3, '6d', 'ND', '', '', '', ''),
	(3, '6e', 'ND', '', '', '', ''),
	(3, '6f', '1?', 'The same suffix -(a)ĝi can also attach to verbal stems, giving some sort of a passive(?) meaning', 'una- [cook] > unag-ĝi-na-x̂ [cook-have-REMOTE_PST-3SG]', '''cook'' > ''it was cooked''', 'Bergsland 1994: 508'),
	(3, '6g', 'ND', '', '', '', ''),
	(3, '6h', 'ND', '', '', '', ''),
	(3, '6i', 'ND', '', '', '', ''),
	(3, '7', '1?', '(The examples are rather numerous; no restrictions are mentioned in the sources.)', '', '', ''),
	(3, '8a', '1?', '', 'Ayaa, uknan iĝim aqanaa, saayaaĝ-aĝi-lakan aqa-naa. […, slowness-have-NEG.CNJV come-PTCP?]', '‘Look, a baidar coming out there, coming without slowness’', 'Aleut tales and narratives (1990): 486'),
	(3, '8b', 'ND', '', '', '', ''),
	(3, '8c', '1', '', 'Luusxi-ĝi-lakan qa-na-x̂. [spoon-have-NEG.CNJV eat-REMOTE_PST-3SG]', '''He/She ate without a spoon''', '“Atkan Aleut School Grammar”: 102'),
	(3, '8d', 'ND', '', '', '', ''),
	(3, '8e', 'ND', '', '', '', ''),
	(3, '9', 'ND', '', '', '', ''),
	(3, '10', '0', '', '', '', ''),
	(3, '11', '0', '', '', '', ''),
	(3, '12a', '0', '', '', '', ''),
	(3, '12b', '0', '', '', '', ''),
	(3, '12c', '0?', 'there are, however, examples like "the islands here began to have Russians on them, were occupied by the Russians"; "they started to live in a village with a church" (Bergsland 1994: 508); but normally existence seems to be expressed otherwise', '', '', ''),
	(3, '12d', '1', '-(a)ĝi is the main means to express ‘have’', '1) ula- [house] > ula-ĝi- [house-have]; 2) agaliim maat''ax̂ uku tutaqaliim, hala-ku-m, kimaĝu-ĝi-x̂ta-ku tin uku-na-x̂ […, tail-have-INFER?-PRS her see-REMOTE_PST-3SG]; 3) Dux̂taasa-ĝi-laka-txichi? [guest-have-NEG.PRS-2PL]', '1) ''''house'' > ''to have a house, live in a house; to stay at home''; 2) ‘she felt (that there was) something behind her, turned her head and saw that she had a tail’; 3) ‘You don’t have a guest?’', 'Bergsland 1997: 105, 113, 324; Bergsland 1994: 508, 693; Aleut tales and narratives (1990): 320'),
	(3, '12e', '1?', 'the same construction with -(a)ĝi can also mean ''use''', '1) cha-ĝi-l qa-ku-q [hand-have-CNJV eat-PRS-1]; 2) Unangan mayaaqumchi, ulux̂ta-ĝi-lix [baidarka..._have-CNJV] mayaaĝdan', '1) ‘I am eating with my hand’; [The conjunctive form has a lot of functions, seemingly among them is expression of a concomitant situation — cf. Bergsland 1997: 199, the example "...outside talking, walking and smiling"]; 2) ''whenever the Aleuts hunt, they hunt in a two-hatch baidarka''', 'Bergsland 1997: 113'),
	(3, '13', 'IRR', '', '', '', ''),
	(3, '14', 'IRR', '', '', '', ''),
	(3, '15', 'IRR', '', '', '', ''),
	(3, '16', 'ND', '', '', '', ''),
	(3, '17a', 'ND', '', '', '', ''),
	(3, '17b', 'ND', '', '', '', ''),
	(3, '17c', '1', '', 'Luusxi-ĝi-lakan qa-na-x̂. [spoon-have-NEG.CNJV eat-REMOTE_PST-3SG]', '''He/She ate without a spoon''', '“Atkan Aleut School Grammar”: 102'),
	(3, '18a', '1', '', 'agalu-ĝi-lakan [tooth-have-NEG.CNJV]', '‘to be toothless’', 'Bergsland 1994: 21'),
	(3, '18b', 'ND', '', '', '', ''),
	(3, '18c', 'ND', '', '', '', ''),
	(3, '19a', 'ND', '', '', '', ''),
	(3, '19b', '1', '', 'Luusxi-ĝi-lakan qa-na-x̂. [spoon-have-NEG.CNJV eat-REMOTE_PST-3SG]', '''He/She ate without a spoon''', '“Atkan Aleut School Grammar”: 102'),
	(3, '19c', 'ND', '', '', '', ''),
	(3, '19d', 'ND', '', '', '', ''),
	(3, '19e', 'ND', '', '', '', ''),
	(3, '19f', 'ND', '', '', '', ''),
	(3, '19g', '1?', 'only a dictionary example for a verbal lexeme (and all verbs in the dictionary are given in the Conjunctive)', 'agalu-ĝi-lakan [tooth-have-NEG.CNJV]', '‘to be toothless’', 'Bergsland 1994: 21'),
	(3, '19h', 'ND', '', '', '', ''),
	(3, '19i', 'ND', '', '', '', ''),
	(3, '19j', 'ND', '', '', '', ''),
	(3, '19k', '1?', '', 'Ayaa, uknan iĝim aqanaa, saayaaĝ-aĝi-lakan aqa-naa. […, slowness-have-NEG.CNJV come-PTCP?]', '‘Look, a baidar coming out there, coming without slowness’', 'Aleut tales and narratives (1990): 486'),
	(3, '19l', 'ND', '', '', '', ''),
	(3, '19m', 'ND', '', '', '', ''),
	(3, '19n', '1', '', 'Nax̂naach-aĝi-lakan waya nax̂naasada-ku-ning, … [spoon-have-NEG.CNJV this:3SG eat_soup?-PRS-1SG>3PL?]', '‘Having no spoon, this is how I eat soup [by bending down into the kettle]’', 'Aleut tales and narratives (1990): 428'),
	(3, '19o', '0?', 'The construction in question has not been found with the translation ''except'' in the texts (and in the dictionary).', '', '', 'Aleut tales and narratives (1990)'),
	(3, '19p', '0?', 'The construction in question has not been found with the translation ''except'' in the texts (and in the dictionary). But there is a separate exceptive postposition(?) uglagán ''except; separate''', 'anĝaĝinam uglagaan, asla ukux̂takuu aagiimulux,
ngaan hiisanax̂', 'seeing nobody except the woman he said to her', 'Bergsland (1997: 183); Aleut tales and narratives (1990)'),
	(3, '19q', '0?', '', 'Ingan uglagan aqatalkung /it without I-don''t-know/', 'Otherwise, then I don’t know.', 'https://elar.soas.ac.uk/Record/MPI526895'),
	(3, '19r', 'ND', '', '', '', ''),
	(3, '19s', '1', '', 'агўа-ӷи-лакан // agua-ĝi-lakan [work-have-NEG.CNJV]', '''unemployed, lit. workless («безработный»)''', 'Головко 1994: 184'),
	(3, '20a', 'ND', '', '', '', ''),
	(3, '20b', 'ND', '', '', '', ''),
	(3, '21a', '1?', '', 'Nax̂naach-aĝi-lakan waya nax̂naasada-ku-ning, … [spoon-have-NEG.CNJV this:3SG eat_soup?-PRS-1SG>3PL?]', '‘Having no spoon, this is how I eat soup’', 'Aleut tales and narratives (1990): 428'),
	(3, '21b', '1?', '', 'agalu-ĝi-lakan [tooth-have-NEG.CNJV]', '‘to be toothless’', 'Bergsland 1994: 21'),
	(3, '22a', 'ND', '', '', '', ''),
	(3, '22b', 'ND', '', '', '', ''),
	(3, '23a', '1', '', 'Nax̂naach-aĝi-lakan waya nax̂naasada-ku-ning, … [spoon-have-NEG.CNJV this:3SG eat_soup?-PRS-1SG>3PL?]', '‘Having no spoon, this is how I eat soup’', 'Aleut tales and narratives (1990): 428'),
	(3, '23b', 'ND', '', '', '', ''),
	(3, '24a', 'ND', '', '', '', ''),
	(3, '24b', '1', '', 'Ayaa, uknan iĝim aqanaa, saayaaĝ-aĝi-lakan aqa-naa. […, slowness-have-NEG.CNJV come-PTCP?]', '‘Look, a baidar coming out there, coming without slowness’', 'Aleut tales and narratives (1990): 486'),
	(3, '25a', 'ND', '', '', '', ''),
	(3, '25b', 'ND', '', '', '', ''),
	(4, '1a', '1', 'The construction contains the verbalizer -(a)ĝi ‘have’ (see note on 1a for the first construction...)', 'Ma-lix [do_so-CNJV] asxinuum [daughter:REL.SG] chimignu-ĝii-yulux [big_toe-hav-NEG] tanaan [place:to] ngaan [him:to] nuusa-na-x̂ [bring-REMOTE_PST-3SG] a-x̂ta-ku-x̂ [AUX-INFER-PRS-3SG].', '‘So he brought back home his daughter without her big toe, so the story goes’.', 'Aleut tales and narratives (1990): 416'),
	(4, '1b', '0', '', '', '', ''),
	(4, '1c', '0', '', '', '', ''),
	(4, '1d', '0', '', '', '', ''),
	(4, '1e', '1', 'The construction is made up by a verbalizer -(a)ĝi ‘have’ (also ‘use’...) attached to the noun expressing the Absentee + the more-or-less general negative suffix or enclitic which has different forms, depending on the dialect -(y)ulux/-ulax/-(y)ulax/-(ng)ulax/-(ng)ul(ax) / -ĝula ''NEG''. The suffix is described as "enclitic negation with participial tenses, conditional and non-verbal forms" [the so-called "participial tenses" include an unmarked "zero tense, or a contextually determined present" — it seems to be this unmarked "zero tense" that the construction in question is used in]; whether the clause is independent or dependent is not clear.', 'Ma-lix [do_so-CNJV] asxinuum [daughter:REL.SG] chimignu-ĝii-yulux [big_toe-hav-NEG] tanaan [place:to] ngaan [him:to] nuusa-na-x̂ [bring-REMOTE_PST-3SG] a-x̂ta-ku-x̂ [AUX-INFER-PRS-3SG].', '‘So he brought back home his daughter without her big toe, so the story goes’.', 'Aleut tales and narratives (1990): 416'),
	(4, '2a', '1', ' -(a)ĝi is a suffix; described as an affix by the author', 'Ma-lix [do_so-CNJV] asxinuum [daughter:REL.SG] chimignu-ĝii-yulux [big_toe-hav-NEG] tanaan [place:to] ngaan [him:to] nuusa-na-x̂ [bring-REMOTE_PST-3SG] a-x̂ta-ku-x̂ [AUX-INFER-PRS-3SG].', '‘So he brought back home his daughter without her big toe, so the story goes’.', 'Aleut tales and narratives (1990): 416'),
	(4, '2b', '0', '', '', '', ''),
	(4, '2c', '1', '', 'Ma-lix [do_so-CNJV] asxinuum [daughter:REL.SG] chimignu-ĝii-yulux [big_toe-hav-NEG] tanaan [place:to] ngaan [him:to] nuusa-na-x̂ [bring-REMOTE_PST-3SG] a-x̂ta-ku-x̂ [AUX-INFER-PRS-3SG].', '‘So he brought back home his daughter without her big toe, so the story goes’.', 'Aleut tales and narratives (1990): 416'),
	(4, '2d', '0', '', '', '', ''),
	(4, '3', '1?', 'The resulting verb itself can and do attach other verbal affixes, e.g. person-number; also the caritive word form seems to be able to attach possessive suffixes/clitics.', '1) alitxu-nax̂ [warrior-] a-ku-x̂ [be-PRS-3SG] tiĝlu-ĝi-ĝula-x̂ [scar-have-NEG-3SG] a-da-ĝula-x̂ [be-generally-NEG-3SG] hiilax̂ta-l [be_said_about-CNJV?];
2) Lukamachi-m [glove-REL.SG] atx̂u-ĝi-ĝula-ngis [finger-have-NEG-their] ama [and] atx̂u-ĝi-ngis [finger-have-their] ma-lga-x̂ [do-PASS-3SG].', '1) ‘a warrior was said never to be taken (prisoner) without having a scar’;
2) ‘There are gloves without fingers and with fingers’.', 'Bergsland 1997: 212; “Introduction to Atkan Aleut Grammar and Lexicon”: 210'),
	(4, '4', '0?', 'The morphosyntactic make-up of the construction makes it highly implausible that it would attach any affixes that relate to the (incorporated?) noun stem.', '', '', ''),
	(4, '5a', 'IRR', '', '', '', ''),
	(4, '5b', 'ND', '', '', '', ''),
	(4, '5c', 'ND', '', '', '', ''),
	(4, '6a', '1', '', '', '', ''),
	(4, '6b', 'ND', '', '', '', ''),
	(4, '6c', 'ND', '', '', '', ''),
	(4, '6d', 'ND', '', '', '', ''),
	(4, '6e', 'ND', '', '', '', ''),
	(4, '6f', '1?', 'The same suffix -(a)ĝi can also attach to verbal stems, giving some sort of a passive(?) meaning', '', '', ''),
	(4, '6g', 'ND', '', '', '', ''),
	(4, '6h', 'ND', '', '', '', ''),
	(4, '6i', 'ND', '', '', '', ''),
	(4, '7', '1?', '(The examples are rather numerous; no restrictions are mentioned in the sources.)', '', '', ''),
	(4, '8a', 'ND', '', 'Ma-lix [do_so-CNJV] asxinuum [daughter:REL.SG] chimignu-ĝii-yulux [big_toe-have-NEG] tanaan [place:to] ngaan [him:to] nuusa-na-x̂ [bring-REMOTE_PST-3SG] a-x̂ta-ku-x̂ [AUX-INFER-PRS-3SG].', '', ''),
	(4, '8b', 'ND', '', '', '', ''),
	(4, '8c', 'ND', 'Possible (though unclear) example:', 'alitxu-nax̂ [warrior-] a-ku-x̂ [be-PRS-3SG] tiĝlu-ĝi-ĝula-x̂ [scar-have-NEG-3SG] a-da-ĝula-x̂ [be-generally-NEG-3SG] hiilax̂ta-l [be_said_about-CNJV?]', '‘a warrior was said never to be taken (prisoner) without having a scar’.', 'Bergsland 1997: 212'),
	(4, '8d', '1', '(Although "attributive" constructions are described in Aleut as "syntactically reversed": the semantic attribute behaves as a syntactic head, and its semantic head as a dependent)', 'Lukamachi-m [glove-REL.SG] atx̂u-ĝi-ĝula-ngis [finger-have-NEG-their] ama [and] atx̂u-ĝi-ngis [finger-have-their] ma-lga-x̂ [do-PASS-3SG].', '‘There are gloves without fingers and with fingers’.', '“Introduction to Atkan Aleut Grammar and Lexicon”: 210'),
	(4, '8e', '1', '', 'Ayx̂aasi-x̂ [boat-ABS.SG] masina-ĝii-yulax [motor-have-NEG] a-ku-x̂ [be-PRS-3SG].', '‘The boat is without a motor’', '“Introduction to Atkan Aleut Grammar and Lexicon”: 104'),
	(4, '9', 'ND', '', '', '', ''),
	(4, '10', '0', '', '', '', ''),
	(4, '11', '0', '', '', '', ''),
	(4, '12a', '0', '', '', '', ''),
	(4, '12b', '0', '', '', '', ''),
	(4, '12c', '0?', 'there are, however, examples like "the islands here began to have Russians on them, were occupied by the Russians"; "they started to live in a village with a church" (Bergsland 1994: 508); but normally existence seems to be expressed otherwise', '', '', ''),
	(4, '12d', '1', '-(a)ĝi is the main means to express ‘have’', '1) ula- [house] > ula-ĝi- [house-have]; 2) agaliim maat''ax̂ uku tutaqaliim, hala-ku-m, kimaĝu-ĝi-x̂ta-ku tin uku-na-x̂ […, tail-have-INFER?-PRS her see-REMOTE_PST-3SG]; 3) Dux̂taasa-ĝi-laka-txichi? [guest-have-NEG.PRS-2PL]', '1) ''''house'' > ''to have a house, live in a house; to stay at home''; 2) ‘she felt (that there was) something behind her, turned her head and saw that she had a tail’; 3) ‘You don’t have a guest?’', 'Bergsland 1997: 105, 113, 324; Bergsland 1994: 508, 693; Aleut tales and narratives (1990): 320'),
	(4, '12e', '1?', 'the same construction with -(a)ĝi can also mean ''use''', '1) cha-ĝi-l qa-ku-q [hand-have-CNJV eat-PRS-1]; 2) Unangan mayaaqumchi, ulux̂ta-ĝi-lix [baidarka..._have-CNJV] mayaaĝdan', '1) ‘I am eating with my hand’; [The conjunctive form has a lot of functions, seemingly among them is expression of a concomitant situation — cf. Bergsland 1997: 199, the example "...outside talking, walking and smiling"]; 2) ''whenever the Aleuts hunt, they hunt in a two-hatch baidarka''', 'Bergsland 1997: 113'),
	(4, '13', 'IRR', '', '', '', ''),
	(4, '14', 'IRR', '', '', '', ''),
	(4, '15', 'IRR', '', '', '', ''),
	(4, '16', 'ND', '', '', '', ''),
	(4, '17a', 'ND', '', '', '', ''),
	(4, '17b', 'ND', '', '', '', ''),
	(4, '17c', '1', '', '…, kampaani-m [company-REL.SG] ilagaan [from:3SG(?)] Kasaka-m [Russian-REL.SG] taanga-gan [liquor-REL.3SG] aki-ĝii-yulax [price-have-NEG] ... hiing [there] ngiin [them:for] ax̂-sxa-za-qa-s [give-PASS-generally-REM_PST-3PL]', '‘[when(ever) they came back from hunting,] they were given Russian liquor free [lit. “without price”] from the company’', 'Bergsland 1997: 277'),
	(4, '18a', '1', '', 'Lukamachi-m [glove-REL.SG] atx̂u-ĝi-ĝula-ngis [finger-have-NEG-their] ama [and] atx̂u-ĝi-ngis [finger-have-their] ma-lga-x̂ [do-PASS-3SG].', '‘There are gloves without fingers and with fingers’.', '“Introduction to Atkan Aleut Grammar and Lexicon”: 210'),
	(4, '18b', '1', '', 'Ma-lix [do_so-CNJV] asxinuum [daughter:REL.SG] chimignu-ĝii-yulux [big_toe-hav-NEG] tanaan [place:to] ngaan [him:to] nuusa-na-x̂ [bring-REMOTE_PST-3SG] a-x̂ta-ku-x̂ [AUX-INFER-PRS-3SG].', '‘So he brought back home his daughter without her big toe, so the story goes’.', 'Aleut tales and narratives (1990): 416'),
	(4, '18c', 'ND', '', '', '', ''),
	(4, '19a', 'ND', '', '', '', ''),
	(4, '19b', 'ND', '', '', '', ''),
	(4, '19c', 'ND', '', '', '', ''),
	(4, '19d', 'ND', '', '', '', ''),
	(4, '19e', 'ND', '', '', '', ''),
	(4, '19f', 'ND', '', '', '', ''),
	(4, '19g', '1', '', 'Ma-lix [do_so-CNJV] asxinuum [daughter:REL.SG] chimignu-ĝii-yulux [big_toe-hav-NEG] tanaan [place:to] ngaan [him:to] nuusa-na-x̂ [bring-REMOTE_PST-3SG] a-x̂ta-ku-x̂ [AUX-INFER-PRS-3SG].', '‘So he brought back home his daughter without her big toe, so the story goes’.', 'Aleut tales and narratives (1990): 416'),
	(4, '19h', '1', '', 'Lukamachi-m [glove-REL.SG] atx̂u-ĝi-ĝula-ngis [finger-have-NEG-their] ama [and] atx̂u-ĝi-ngis [finger-have-their] ma-lga-x̂ [do-PASS-3SG].', '‘There are gloves without fingers and with fingers’.', '“Introduction to Atkan Aleut Grammar and Lexicon”: 210'),
	(4, '19i', 'ND', '', '', '', ''),
	(4, '19j', 'ND', '', '', '', ''),
	(4, '19k', '1?', '', '1) …, kampaani-m [company-REL.SG] ilagaan [from:3SG(?)] Kasaka-m [Russian-REL.SG] taanga-gan [liquor-REL.3SG] aki-ĝii-yulax [price-have-NEG] ... hiing [there] ngiin [them:for] ax̂-sxa-za-qa-s [give-PASS-generally-REM_PST-3PL];
2) ..., qìda-m [cry-REL.SG] ináach-aĝí-iulax [end-have-NEG] ígim [to:REL.3SG] maní-lix [get_into-CNJV], ...', '1) ‘[when(ever) they came back from hunting,] they were given Russian liquor free [lit. “without price”] from the company’;
2) ''[...he saw that it was his cousin that he had done this to the day before], burst into endless crying [and in dreadful grief ended his life, it is said.]''', 'Bergsland 1997: 277; Aleut tales and narratives (1990): 710–711'),
	(4, '19l', 'ND', '', '', '', ''),
	(4, '19m', 'ND', '', '', '', ''),
	(4, '19n', 'ND', '', '', '', ''),
	(4, '19o', 'ND', 'The construction in question has not been found with the translation ''except'' in the texts (and in the dictionary).', '', '', 'Aleut tales and narratives (1990)'),
	(4, '19p', 'ND', 'The construction in question has not been found with the translation ''except'' in the texts (and in the dictionary). But there is a separate exceptive postposition(?) uglagán ''except; separate''', 'anĝaĝinam uglagaan, asla ukux̂takuu aagiimulux,
ngaan hiisanax̂', 'seeing nobody except the woman he said to her', 'Bergsland (1997: 183); Aleut tales and narratives (1990)'),
	(4, '19q', 'ND', '', '', '', ''),
	(4, '19r', 'ND', '', '', '', ''),
	(4, '19s', 'ND', '', '', '', ''),
	(4, '20a', 'ND', '', '', '', ''),
	(4, '20b', 'ND', '', '', '', ''),
	(4, '21a', 'ND', '', '', '', ''),
	(4, '21b', '1', '', 'Lukamachi-m [glove-REL.SG] atx̂u-ĝi-ĝula-ngis [finger-have-NEG-their] ama [and] atx̂u-ĝi-ngis [finger-have-their] ma-lga-x̂ [do-PASS-3SG].', '‘There are gloves without fingers and with fingers’.', '“Introduction to Atkan Aleut Grammar and Lexicon”: 210'),
	(4, '22a', 'ND', '', '', '', ''),
	(4, '22b', 'ND', '', '', '', ''),
	(4, '23a', 'ND', '', '', '', ''),
	(4, '23b', 'ND', '', '', '', ''),
	(4, '24a', 'ND', '', '', '', ''),
	(4, '24b', '1', '', 'Ma-lix [do_so-CNJV] asxinuum [daughter:REL.SG] chimignu-ĝii-yulux [big_toe-hav-NEG] tanaan [place:to] ngaan [him:to] nuusa-na-x̂ [bring-REMOTE_PST-3SG] a-x̂ta-ku-x̂ [AUX-INFER-PRS-3SG].', '‘So he brought back home his daughter without her big toe, so the story goes’.', 'Aleut tales and narratives (1990): 416'),
	(4, '25a', 'ND', '', '', '', ''),
	(4, '25b', '1', '', 'Lukamachi-m [glove-REL.SG] atx̂u-ĝi-ĝula-ngis [finger-have-NEG-their] ama [and] atx̂u-ĝi-ngis [finger-have-their] ma-lga-x̂ [do-PASS-3SG].', '‘There are gloves without fingers and with fingers’.', '“Introduction to Atkan Aleut Grammar and Lexicon”: 210'),
	(5, '1a', '0', '[по каким критериям отнесён к «деривационным»?]', '', '', ''),
	(5, '1b', '0', '[по каким критериям отнесён к «словоизменительным»?]', '', '', ''),
	(5, '1c', '1', 'It is described as a "negative particle" (McGregor 1990: 188)', 'gambinyi marlami bija [egg nothing nest]', 'empty nest', 'McGregor 1990: 263'),
	(5, '1d', '0', '', '', '', ''),
	(5, '1e', '0', '', '', '', ''),
	(5, '2a', '0', '[позиционные свойства? если это часть адложно-падежной конструкции, то какой падеж? по каким критериям отнесён к «аффиксам»?]', '', '', ''),
	(5, '2b', '1', 'It is described as a negative particle. It can occur in postposition: referent modification, or in preposition: reference modification (no examples of proper caritive uses for preposition).', 'gambinyi marlami bija [egg nothing nest] / marlami banda doowwidda [not ground they:got:it]', 'empty nest / They got no dirt', 'McGregor 1990: 263, 491'),
	(5, '2c', '0', '', '', '', ''),
	(5, '2d', 'ND', '', '', '', ''),
	(5, '3', '1', 'It can acquire case postpositions.', 'goornboo ngoombarna marlami -ngga milangina [woman husband nothing ERG she:saw:me]', 'The woman without a husband saw me.', 'McGregor 1990: 280'),
	(5, '4', 'ND', '', '', '', ''),
	(5, '5a', 'IRR', '', '', '', ''),
	(5, '5b', 'ND', 'all? Number, probably other case postpositions; no examples for caritives', '', '', 'McGregor 1990: 282'),
	(5, '5c', 'ND', '', '', '', ''),
	(5, '6a', '1', '', 'gambinyi marlami bija [egg nothing nest]', 'empty nest', 'McGregor 1990: 263'),
	(5, '6b', '0', '"This mode of expression appears not to be used when the two entities are of equal status; there are no examples with pronominals or personal names in the privative sense. When the entities are of the same status,… the notion of ''alone'', ''without anyone else'' invariably occurs."', '', '', 'McGregor 1990: 348'),
	(5, '6c', '0', '"This mode of expression appears not to be used when the two entities are of equal status; there are no examples with pronominals or personal names in the privative sense. When the entities are of the same status,… the notion of ''alone'', ''without anyone else'' invariably occurs."', '', '', 'McGregor 1990: 348'),
	(5, '6d', 'ND', '', '', '', ''),
	(5, '6e', 'ND', '', '', '', ''),
	(5, '6f', '1', 'it is interpreted as "never" or "nowhere"', 'marlami wardjiddi [not we:went]', 'We didn''t go.', 'McGregor 1990: 493'),
	(5, '6g', 'ND', '', '', '', ''),
	(5, '6h', '1', 'interpreted as "the wire has no straightness"', 'waya marlami joodoo [wire not straight]', 'The wire is not straight.', 'McGregor 1990: 492'),
	(5, '6i', '1', 'interjection "no"', '', '', ''),
	(5, '7', '1?', '"This mode of expression appears not to be used when the two entities are of equal status; there are no examples with pronominals or personal names in the privative sense. When the entities are of the same status,… the notion of ''alone'', ''without anyone else'' invariably occurs." ', '', '', 'McGregor 1990: 348'),
	(5, '8a', '1', '', 'wardngi manyi marlami [I:went food nothing]', 'I came without food.', 'McGregor 1990: 348'),
	(5, '8b', 'ND', '', '', '', ''),
	(5, '8c', 'ND', '', '', '', ''),
	(5, '8d', '1', '', 'gambinyi marlami bija [egg nothing nest] / goornboo ngoombarna marlami -ngga milangina [woman husband nothing ERG she:saw:me]', 'empty nest / The woman without a husband saw me.', 'McGregor 1990: 263 / 280'),
	(5, '8e', '1', '', 'maadi / bilanggidi marlami / majooddoo marlami / galigoo marlami / [cold blanket without matches without calico without]', 'It was cold. They had no blankets, no matches, no tents.', 'McGregor 1990: 585'),
	(5, '9', 'ND', '', '', '', ''),
	(5, '10', '0', '', '', '', ''),
	(5, '11', '0', '', '', '', ''),
	(5, '12a', '0', '', '', '', ''),
	(5, '12b', '0', '', '', '', ''),
	(5, '12c', '1', '', 'marlami gamba ngambiddi baali -ya [not water again road -LOC]', 'There''s no water again on the road.', 'McGregor 1990: 491'),
	(5, '12d', '1?', 'It is not the only possessive negative construction. Another marker of the negation of possession is woomoorla (McGregor 1990: 496)', 'maadi / bilanggidi marlami / majooddoo marlami / galigoo marlami / [cold blanket without matches without calico without]', 'It was cold. They had no blankets, no matches, no tents.', 'McGregor 1990: 585'),
	(5, '12e', '1?', 'It is not the basic verbal negation. The basic verbal negation marker is mangaddi (McGregor 1990: 488-490)', 'gamba marlami ngoorloogla [water not I:drank:it]', 'I drank no grog (yesterday).', 'McGregor 1990: 491'),
	(5, '13', 'IRR', '[источник заимствования: язык и единица]', '', '', ''),
	(5, '14', 'IRR', '', '', '', ''),
	(5, '15', 'IRR', '', '', '', ''),
	(5, '16', 'IRR', '', '', '', ''),
	(5, '17a', '1', '', 'goornboo ngoombarna marlami -ngga milangina [woman husband nothing ERG she:saw:me]', 'The woman without a husband saw me.', 'McGregor 1990: 280'),
	(5, '17b', 'ND', '', '', '', ''),
	(5, '17c', '1', '', 'gambinyi marlami bija [egg nothing nest]', 'empty nest', 'McGregor 1990: 263'),
	(5, '18a', '1', '', 'gambinyi marlami bija [egg nothing nest]', 'empty nest', 'McGregor 1990: 263'),
	(5, '18b', 'ND', '', '', '', ''),
	(5, '18c', 'ND', '', '', '', ''),
	(5, '19a', '0?', '"This mode of expression appears not to be used when the two entities are of equal status; there are no examples with pronominals or personal names in the privative sense. When the entities are of the same status,… the notion of ''alone'', ''without anyone else'' invariably occurs."', '', '', 'McGregor 1990: 348'),
	(5, '19b', 'ND', '', '', '', ''),
	(5, '19c', 'ND', '', '', '', ''),
	(5, '19d', '1', '', 'wardngi manyi marlami [I:went food nothing]', 'I came without food.', 'McGregor 1990: 348'),
	(5, '19e', 'ND', '', '', '', ''),
	(5, '19f', '1', '', 'goornboo ngoombarna marlami -ngga milangina [woman husband nothing ERG she:saw:me]', 'The woman without a husband saw me.', 'McGregor 1990: 280'),
	(5, '19g', 'ND', '', '', '', ''),
	(5, '19h', 'ND', '', '', '', ''),
	(5, '19i', 'ND', '', '', '', ''),
	(5, '19j', '1', '', 'goobardiya marlami mayaroo warayi / yard -moowa bagiyi / [[placename] no house it:stood ON it:lay]', 'At Goobardiya there was no house; there was only a yard.', 'McGregor 1990: 313-314'),
	(5, '19k', 'ND', '', '', '', ''),
	(5, '19l', '1', '', 'gambinyi marlami bija [egg nothing nest]', 'empty nest', 'McGregor 1990: 263'),
	(5, '19m', 'ND', '', '', '', ''),
	(5, '19n', 'ND', '', '', '', ''),
	(5, '19o', 'ND', '', '', '', ''),
	(5, '19p', 'ND', '', '', '', ''),
	(5, '19q', 'ND', '', '', '', ''),
	(5, '19r', 'ND', '', '', '', ''),
	(5, '19s', '1?', 'Some idiomatic uses meaning ''alone'' (NB! These are the only uses allowed for companion). "Sometimes these expressions ("alone". - SO) are followed by privative expressions such as liwaya marlami ''friendless''. " (McGregor 1990: 348)', 'nhoowoo doojgoo ngoorloognga liwaya marlami [his self he:drank:it ? without]', 'He drank it alone, friendless.', '(McGregor 1990: 348)'),
	(5, '20a', 'ND', '', '', '', ''),
	(5, '20b', 'ND', '', '', '', ''),
	(5, '21a', '1', '', 'wardngi manyi marlami [I:went food nothing]', 'I came without food.', 'McGregor 1990: 348'),
	(5, '21b', '1?', '', 'goobardiya marlami mayaroo warayi / yard -moowa bagiyi / [[placename] no house it:stood ON it:lay]', 'At Goobardiya there was no house; there was only a yard.', 'McGregor 1990: 313-314'),
	(5, '22a', 'IRR', '', '', '', ''),
	(5, '22b', 'IRR', '', '', '', ''),
	(5, '23a', 'ND', '', '', '', ''),
	(5, '23b', 'ND', '', '', '', ''),
	(5, '24a', 'ND', '', '', '', ''),
	(5, '24b', '1', '', 'wardngi manyi marlami [I:went food nothing]', 'I came without food.', 'McGregor 1990: 348'),
	(5, '25a', 'ND', '', '', '', ''),
	(5, '25b', 'ND', '', '', '', ''),
	(6, '1a', '0', '[по каким критериям отнесён к «деривационным»?]', '', '', ''),
	(6, '1b', '0', '[по каким критериям отнесён к «словоизменительным»?]', '', '', ''),
	(6, '1c', '1', 'it is described as postposition rather than an affix, see 2b; postpositions have functions of case markers in Gooniyandi', 'gamba -winyja riminyloondi [water DEP I:got:thirsty]', 'I got thirsty for lack of water', 'McGregor 1990: 350'),
	(6, '1d', '0', '', '', '', ''),
	(6, '1e', '0', '', '', '', ''),
	(6, '2a', '0', '[позиционные свойства? если это часть адложно-падежной конструкции, то какой падеж? по каким критериям отнесён к «аффиксам»?]', '', '', ''),
	(6, '2b', '1', 'postposition; it is not an affix because it refers to NP rather than N; postpositions can attach to any element of NP, no information about -winyja', 'gamba -winyja riminyloondi [water DEP I:got:thirsty]', 'I got thirsty for lack of water', 'McGregor 1990: 276-284, 350'),
	(6, '2c', '0', '', '', '', ''),
	(6, '2d', 'ND', '', '', '', ''),
	(6, '3', 'ND', '', '', '', ''),
	(6, '4', 'IRR', 'It seems that there are no affixes or postpositions that could be attached to other postpositions referring to a dependent NP', '', '', ''),
	(6, '5a', 'IRR', '', '', '', ''),
	(6, '5b', 'ND', 'all? Number, probably other case postpositions; no examples for caritives', '', '', 'McGregor 1990: 282'),
	(6, '5c', 'ND', 'no examples for caritive; but it is possible for other case postpositions', '', '', 'McGregor 1990: 277'),
	(6, '6a', '1', '', 'gamba -winyja riminyloondi [water DEP I:got:thirsty]', 'I got thirsty for lack of water', 'McGregor 1990: 350'),
	(6, '6b', 'ND', '', '', '', ''),
	(6, '6c', 'ND', '', '', '', ''),
	(6, '6d', 'ND', '', '', '', ''),
	(6, '6e', '0?', '"to indicate something - always a thing, never a process - the lack of which causes an event to occur"', '', '', 'McGregor 1990: 188'),
	(6, '6f', '0', '"to indicate something - always a thing, never a process - the lack of which causes an event to occur"', '', '', 'McGregor 1990: 188'),
	(6, '6g', 'ND', '', '', '', ''),
	(6, '6h', 'ND', '', '', '', ''),
	(6, '6i', 'ND', '', '', '', ''),
	(6, '7', '0', '"…is quite infrequent in occurrence"', '', '', 'McGregor 1990: 188'),
	(6, '8a', 'ND', 'Because it means cause. "to indicate something … the lack of which causes an event to occur".', '', '', 'McGregor 1990: 188'),
	(6, '8b', 'ND', 'Because it means cause. "to indicate something … the lack of which causes an event to occur".', '', '', 'McGregor 1990: 188'),
	(6, '8c', '1', '', 'gamba -winyja riminyloondi [water DEP I:got:thirsty]', 'I got thirsty for lack of water', 'McGregor 1990: 350'),
	(6, '8d', 'ND', 'Because it means cause. "to indicate something … the lack of which causes an event to occur".', '', '', 'McGregor 1990: 188'),
	(6, '8e', '0', '"…only the latter (=marlami) occurs in relational clauses expressing ''x has no y''."', '', '', 'McGregor 1990: 188'),
	(6, '9', 'ND', '', '', '', ''),
	(6, '10', '1', '', 'gamba -winyja riminyloondi [water DEP I:got:thirsty]', 'I got thirsty for lack of water', 'McGregor 1990: 350'),
	(6, '11', '1', '', '', '', ''),
	(6, '12a', 'IRR', '', '', '', ''),
	(6, '12b', 'IRR', '', '', '', ''),
	(6, '12c', 'IRR', '', '', '', ''),
	(6, '12d', 'IRR', '', '', '', ''),
	(6, '12e', 'IRR', '', '', '', ''),
	(6, '13', 'ND', '[источник заимствования: язык и единица]', '', '', ''),
	(6, '14', 'ND', '', '', '', ''),
	(6, '15', 'ND', '', '', '', ''),
	(6, '16', 'ND', '', '', '', ''),
	(6, '17a', 'ND', '', '', '', ''),
	(6, '17b', 'ND', '', '', '', ''),
	(6, '17c', '1', '', 'gamba -winyja riminyloondi [water DEP I:got:thirsty]', 'I got thirsty for lack of water', 'McGregor 1990: 350'),
	(6, '18a', '1', '', 'gamba -winyja riminyloondi [water DEP I:got:thirsty]', 'I got thirsty for lack of water', 'McGregor 1990: 350'),
	(6, '18b', 'ND', '', '', '', ''),
	(6, '18c', 'ND', '', '', '', ''),
	(6, '19a', 'ND', '', '', '', ''),
	(6, '19b', 'ND', '', '', '', ''),
	(6, '19c', 'ND', '', '', '', ''),
	(6, '19d', 'ND', '', '', '', ''),
	(6, '19e', 'ND', '', '', '', ''),
	(6, '19f', 'ND', '', '', '', ''),
	(6, '19g', 'ND', '', '', '', ''),
	(6, '19h', 'ND', '', '', '', ''),
	(6, '19i', 'ND', '', '', '', ''),
	(6, '19j', 'ND', '', '', '', ''),
	(6, '19k', 'ND', '', '', '', ''),
	(6, '19l', 'ND', '', '', '', ''),
	(6, '19m', 'ND', '', '', '', ''),
	(6, '19n', '1', 'SPECIALIZED CAUSE MARKER; always means deprivative cause ''because of the lack of''', 'gamba -winyja riminyloondi [water DEP I:got:thirsty]', 'I got thirsty for lack of water', 'McGregor 1990: 350'),
	(6, '19o', 'ND', '', '', '', ''),
	(6, '19p', 'ND', '', '', '', ''),
	(6, '19q', 'ND', '', '', '', ''),
	(6, '19r', '0', '"to indicate something - always a thing, never a process - the lack of which causes an event to occur"', '', '', 'McGregor 1990: 188'),
	(6, '19s', '1', 'food-drinks; all examples are about lack of water', 'gamba -winyja riminyloondi [water DEP I:got:thirsty]', 'I got thirsty for lack of water', 'McGregor 1990: 350'),
	(6, '20a', 'ND', '', '', '', ''),
	(6, '20b', 'ND', '', '', '', ''),
	(6, '21a', '1', '', 'gamba -winyja riminyloondi [water DEP I:got:thirsty]', 'I got thirsty for lack of water', 'McGregor 1990: 350'),
	(6, '21b', 'ND', '', '', '', ''),
	(6, '22a', 'ND', '', '', '', ''),
	(6, '22b', 'ND', '', '', '', ''),
	(6, '23a', 'ND', '', '', '', ''),
	(6, '23b', 'ND', '', '', '', ''),
	(6, '24a', '1', '', 'gamba wardbidda gamba -winyja rajgidda -woo [water we:will:take:it water DEP we:die:of:thirst DEF]', 'We''ll take water with us lest we die of thirst.', 'McGregor 1990: 430'),
	(6, '24b', '1?', 'see discussion of information structure in McGregor 1990: 360-381', 'man.ga wangmaddawindi gamba -winyja [ear he:went:mad water DEP]', 'He went mad from thirst.', 'McGregor 1990: 350'),
	(6, '25a', 'ND', '', '', '', ''),
	(6, '25b', 'ND', '', '', '', ''),
	(7, '1a', '0', '[по каким критериям отнесён к «деривационным»?]', '', '', ''),
	(7, '1b', '0', '[по каким критериям отнесён к «словоизменительным»?]', '', '', ''),
	(7, '1c', '0', '', '', '', ''),
	(7, '1d', '0', '', '', '', ''),
	(7, '1e', '1', '', 'Wo, ha ey,  ha po ai lopa ley a. [EXCL 1S EXCL:pity 1S today food NEG go FUT]
', '‘O, poor me, I’ll have to go without food.’', 'Lock 2011: 174'),
	(7, '2a', '0', '[позиционные свойства? если это часть адложно-падежной конструкции, то какой падеж? по каким критериям отнесён к «аффиксам»?]', '', '', ''),
	(7, '2b', '0', '[позиционные свойства? по каким критериям отнесён к «клитикам/адлогам»]', '', '', ''),
	(7, '2c', '1', '', '', '', ''),
	(7, '2d', '0', '', '', '', ''),
	(7, '3', 'IRR', '', '', '', ''),
	(7, '4', 'IRR', '', '', '', ''),
	(7, '5a', 'ND', '', '', '', ''),
	(7, '5b', 'ND', '', '', '', ''),
	(7, '5c', 'ND', '', '', '', ''),
	(7, '6a', '1', '', 'Hom-kwe ok lopa lwak. [2/3PL.SUB-TOP talk NEG.NOMS be]', '‘They were speechless.’', 'Lock 2011: 405'),
	(7, '6b', 'ND', '', '', '', ''),
	(7, '6c', 'ND', '', '', '', ''),
	(7, '6d', 'ND', '', '', '', ''),
	(7, '6e', 'ND', '', '', '', ''),
	(7, '6f', '1', '', 'Ey hiy lo lopa lwak ankin, now hom-kwe aiai liy leip korey. [sun 3S.M.SUB shine NEG.NOMS be if tree 2/3PL-TOP food DYN bear NEG]
', '‘If the sun never shines, the tree would not bear any fruit.’', 'Lock 2011: 245'),
	(7, '6g', 'ND', '', '', '', ''),
	(7, '6h', 'ND', '', '', '', ''),
	(7, '6i', 'ND', '', '', '', ''),
	(7, '7', '1?', '"The negation marker lopa normally marks only nominals indicating_x000D_ non-possession. It also immediately follows the nominal."', '', '', 'Lock 2011: 244'),
	(7, '8a', '1', '', 'Hoh-kwe sawk aiai lopa so-h-e ma-ley, a mon ko-kwe. [3DU-TOP CHD food NEG DDEM-3S.M-OBJ RPT-go house LOC GL.F-TOP]
', '‘So the two of them went back home without food.’', 'Lock 2011: 397'),
	(7, '8b', 'ND', '', '', '', ''),
	(7, '8c', 'ND', '', '', '', ''),
	(7, '8d', '0', '', '', '', ''),
	(7, '8e', '1', '', 'Nay-ih hiy-kwe  seyr  sa non, sawk hiy-kwe ney lopa lanio lwayr. [younger.sibling-KIN 3S.M.SUB-TOP and/also woman CMT CHD 3S.M.SUB-TOP child NEG walk stay]', '‘They younger brother had a wife, but he was without any children.’', 'Lock 2011: 425'),
	(7, '9', '1', '', 'Sawk har, ney lopa so-mo-kwe honon honon, omok hom uwr nawp lwak ankin. [CHD some child NEG DDEM-GL.PL-TOP difficult difficult later 2/3PL man old be if/when]
', '‘But those without children experience hardships, when they have become old men.’', 'Lock 2011: 416'),
	(7, '10', '0', '', '', '', ''),
	(7, '11', '0', '', '', '', ''),
	(7, '12a', '0', '', '', '', ''),
	(7, '12b', '0', '', '', '', ''),
	(7, '12c', '0', '', '', '', ''),
	(7, '12d', '1', '', 'Hiy-kwe yeyk lopa. [3S.M-TOP canoe NEG.NOMS]
', '‘He does not have a canoe.’', 'Lock 2011: 241'),
	(7, '12e', '0', '', '', '', ''),
	(7, '13', '0', '[источник заимствования: язык и единица]', '', '', ''),
	(7, '14', '0', '', '', '', ''),
	(7, '15', '0', '', '', '', ''),
	(7, '16', 'ND', '', '', '', ''),
	(7, '17a', 'ND', '', '', '', ''),
	(7, '17b', '1', '', 'P-ay-ho-kuaw sa ney lopa mo-kwe God s-o ney swanyo. [Q-what-GL.M-for.reason.of woman child NEG GL.PL-TOP God 3S.M-GEN child daughter]
', '‘Because, the women without children are God’s daughters.’', 'Lock 2011: 460'),
	(7, '17c', '1', '', 'Ney-om hom-kwe iha lopa peie la o. Hom-kwe iha kwa-aw lowndiy à. [child-group 2/3PL-TOP hand NEG PROH eat IPFTV 2/3PL-TOP hand HOR-RSTR share  eat.PFTV]
', '‘Children, do not eat without a hand (=being selfish). You should eat and share with with your hand (=share liberally).’', 'Lock 2011: 168'),
	(7, '18a', '1', '', 'Wo, ha ey,  ha po ai lopa ley a. [EXCL 1S EXCL:pity 1S today food NEG go FUT]
', '‘O, poor me, I’ll have to go without food.’', 'Lock 2011: 174'),
	(7, '18b', 'ND', '', '', '', ''),
	(7, '18c', 'ND', '', '', '', ''),
	(7, '19a', 'ND', '', '', '', ''),
	(7, '19b', '1', '', 'Ney-om hom-kwe iha lopa peie la o. Hom-kwe iha kwa-aw lowndiy à. [child-group 2/3PL-TOP hand NEG PROH eat IPFTV 2/3PL-TOP hand HOR-RSTR share  eat.PFTV]
', '‘Children, do not eat without a hand (=being selfish). You should eat and share with with your hand (=share liberally).’', 'Lock 2011: 168'),
	(7, '19c', '1', '', 'Hoh-kwe sawk aiai lopa so-h-e ma-ley, a mon ko-kwe. [3DU-TOP CHD food NEG DDEM-3S.M-OBJ RPT-go house LOC GL.F-TOP]
', '‘So the two of them went back home without food.’', 'Lock 2011: 397'),
	(7, '19d', 'ND', '', '', '', ''),
	(7, '19e', 'ND', '', '', '', ''),
	(7, '19f', '1', '', 'P-ay-ho-kuaw sa ney lopa mo-kwe God s-o ney swanyo. [Q-what-GL.M-for.reason.of woman child NEG GL.PL-TOP God 3S.M-GEN child daughter]
', '‘Because, the women without children are God’s daughters.’', 'Lock 2011: 460'),
	(7, '19g', 'ND', '', '', '', ''),
	(7, '19h', 'ND', '', '', '', ''),
	(7, '19i', 'ND', '', '', '', ''),
	(7, '19j', 'ND', '', '', '', ''),
	(7, '19k', 'ND', '', '', '', ''),
	(7, '19l', 'ND', '', '', '', ''),
	(7, '19m', 'ND', '', '', '', ''),
	(7, '19n', 'ND', '', '', '', ''),
	(7, '19o', 'ND', '', '', '', ''),
	(7, '19p', 'ND', '', '', '', ''),
	(7, '19q', 'ND', '', '', '', ''),
	(7, '19r', 'ND', '', '', '', ''),
	(7, '19s', 'ND', '', '', '', ''),
	(7, '20a', 'ND', '', '', '', ''),
	(7, '20b', 'ND', '', '', '', ''),
	(7, '21a', '1', '', 'Ney-om hom-kwe iha lopa peie la o. Hom-kwe iha kwa-aw lowndiy à. [child-group 2/3PL-TOP hand NEG PROH eat IPFTV 2/3PL-TOP hand HOR-RSTR share  eat.PFTV]
', '‘Children, do not eat without a hand (=being selfish). You should eat and share with with your hand (=share liberally).’', 'Lock 2011: 168'),
	(7, '21b', '1', '', 'P-ay-ho-kuaw sa ney lopa mo-kwe God s-o ney swanyo. [Q-what-GL.M-for.reason.of woman child NEG GL.PL-TOP God 3S.M-GEN child daughter]
', '‘Because, the women without children are God’s daughters.’', 'Lock 2011: 460'),
	(7, '22a', 'ND', '', '', '', ''),
	(7, '22b', 'ND', '', '', '', ''),
	(7, '23a', 'ND', '', '', '', ''),
	(7, '23b', '1', '', 'Ney-om hom-kwe iha lopa peie la o. Hom-kwe iha kwa-aw lowndiy à. [child-group 2/3PL-TOP hand NEG PROH eat IPFTV 2/3PL-TOP hand HOR-RSTR share  eat.PFTV]
', '‘Children, do not eat without a hand (=being selfish). You should eat and share with with your hand (=share liberally).’', 'Lock 2011: 168'),
	(7, '24a', '1?', '', 'Sawk har, ney lopa so-mo-kwe honon honon, omok hom uwr nawp lwak ankin. [CHD some child NEG DDEM-GL.PL-TOP difficult difficult later 2/3PL man old be if/when]
', '‘But those without children experience hardships, when they have become old men.’', 'Lock 2011: 416'),
	(7, '24b', '1?', '', 'Ney-om hom-kwe iha lopa peie la o. Hom-kwe iha kwa-aw lowndiy à. [child-group 2/3PL-TOP hand NEG PROH eat IPFTV 2/3PL-TOP hand HOR-RSTR share  eat.PFTV]
', '‘Children, do not eat without a hand (=being selfish). You should eat and share with with your hand (=share liberally).’', 'Lock 2011: 168'),
	(7, '25a', 'ND', '', '', '', ''),
	(7, '25b', 'ND', '', '', '', ''),
	(8, '1a', '0', '', '', '', ''),
	(8, '1b', '0', '', '', '', ''),
	(8, '1c', '0', '', '', '', ''),
	(8, '1d', '0', '', '', '', ''),
	(8, '1e', '1', '', 'Seyr sa ney lopa ma lwak so-mo-kwe mo so-enkin-aw le, ipey k-o swaw mon ko-kwe. [and/also woman child NEG RCM be DDEM-GL.PL-TOP EMPH DDEM-MAN-RSTR come mother 3S.F-GEN stomach LOC GL.F-TOP]', '‘And also women without children come like that out of the mother’s womb (=these women are born like that).’', 'Lock 2011: 399'),
	(8, '2a', '0', '', '', '', ''),
	(8, '2b', '0', '', '', '', ''),
	(8, '2c', '1', '', '', '', ''),
	(8, '2d', '0', '', '', '', ''),
	(8, '3', 'IRR', '', '', '', ''),
	(8, '4', 'IRR', '', '', '', ''),
	(8, '5a', 'ND', '', '', '', ''),
	(8, '5b', 'ND', '', '', '', ''),
	(8, '5c', 'ND', '', '', '', ''),
	(8, '6a', '1', '', 'Seyr sa ney lopa ma lwak so-mo-kwe mo so-enkin-aw le, ipey k-o swaw mon ko-kwe. [and/also woman child NEG RCM be DDEM-GL.PL-TOP EMPH DDEM-MAN-RSTR come mother 3S.F-GEN stomach LOC GL.F-TOP]', '‘And also women without children come like that out of the mother’s womb (=these women are born like that).’', 'Lock 2011: 399'),
	(8, '6b', 'ND', '', '', '', ''),
	(8, '6c', 'ND', '', '', '', ''),
	(8, '6d', 'ND', '', '', '', ''),
	(8, '6e', 'ND', '', '', '', ''),
	(8, '6f', 'ND', '', '', '', ''),
	(8, '6g', 'ND', '', '', '', ''),
	(8, '6h', 'ND', '', '', '', ''),
	(8, '6i', 'ND', '', '', '', ''),
	(8, '7', '1?', '"The negation marker lopa normally marks only nominals indicating_x000D_ non-possession. It also immediately follows the nominal."', '', '', 'Lock 2011: 244'),
	(8, '8a', '0', '', '', '', ''),
	(8, '8b', '0', '', '', '', ''),
	(8, '8c', '0', '', '', '', ''),
	(8, '8d', '1', '“The negation of a relative clause is slightly complex. A relative clause is negated by the existential verb lwak preceded by the relative clause marker ma.” (Lock 2011: 221)', 'Seyr sa ney lopa ma lwak so-mo-kwe mo so-enkin-aw le, ipey k-o swaw mon ko-kwe. [and/also woman child NEG RCM be DDEM-GL.PL-TOP EMPH DDEM-MAN-RSTR come mother 3S.F-GEN stomach LOC GL.F-TOP]', '‘And also women without children come like that out of the mother’s womb (=these women are born like that).’', 'Lock 2011: 399'),
	(8, '8e', '0', '', '', '', ''),
	(8, '9', 'ND', '', '', '', ''),
	(8, '10', '0', '', '', '', ''),
	(8, '11', '0', '', '', '', ''),
	(8, '12a', '0', '', '', '', ''),
	(8, '12b', '0', '', '', '', ''),
	(8, '12c', '0', '', '', '', ''),
	(8, '12d', '0', '', '', '', ''),
	(8, '12e', '0', '', '', '', ''),
	(8, '13', '0', '', '', '', ''),
	(8, '14', '0', '', '', '', ''),
	(8, '15', '0', '', '', '', ''),
	(8, '16', 'ND', '', '', '', ''),
	(8, '17a', 'ND', '', '', '', ''),
	(8, '17b', '1', '', 'Seyr sa ney lopa ma lwak so-mo-kwe mo so-enkin-aw le, ipey k-o swaw mon ko-kwe. [and/also woman child NEG RCM be DDEM-GL.PL-TOP EMPH DDEM-MAN-RSTR come mother 3S.F-GEN stomach LOC GL.F-TOP]', '‘And also women without children come like that out of the mother’s womb (=these women are born like that).’', 'Lock 2011: 399'),
	(8, '17c', 'ND', '', '', '', ''),
	(8, '18a', '1', '', 'Seyr sa ney lopa ma lwak so-mo-kwe mo so-enkin-aw le, ipey k-o swaw mon ko-kwe. [and/also woman child NEG RCM be DDEM-GL.PL-TOP EMPH DDEM-MAN-RSTR come mother 3S.F-GEN stomach LOC GL.F-TOP]', '‘And also women without children come like that out of the mother’s womb (=these women are born like that).’', 'Lock 2011: 399'),
	(8, '18b', 'ND', '', '', '', ''),
	(8, '18c', 'ND', '', '', '', ''),
	(8, '19a', 'ND', '', '', '', ''),
	(8, '19b', 'ND', '', '', '', ''),
	(8, '19c', 'ND', '', '', '', ''),
	(8, '19d', 'ND', '', '', '', ''),
	(8, '19e', 'ND', '', '', '', ''),
	(8, '19f', '1', '', 'Seyr sa ney lopa ma lwak so-mo-kwe mo so-enkin-aw le, ipey k-o swaw mon ko-kwe. [and/also woman child NEG RCM be DDEM-GL.PL-TOP EMPH DDEM-MAN-RSTR come mother 3S.F-GEN stomach LOC GL.F-TOP]', '‘And also women without children come like that out of the mother’s womb (=these women are born like that).’', 'Lock 2011: 399'),
	(8, '19g', 'ND', '', '', '', ''),
	(8, '19h', 'ND', '', '', '', ''),
	(8, '19i', 'ND', '', '', '', ''),
	(8, '19j', 'ND', '', '', '', ''),
	(8, '19k', 'ND', '', '', '', ''),
	(8, '19l', 'ND', '', '', '', ''),
	(8, '19m', 'ND', '', '', '', ''),
	(8, '19n', 'ND', '', '', '', ''),
	(8, '19o', 'ND', '', '', '', ''),
	(8, '19p', 'ND', '', '', '', ''),
	(8, '19q', 'ND', '', '', '', ''),
	(8, '19r', 'ND', '', '', '', ''),
	(8, '19s', 'ND', '', '', '', ''),
	(8, '20a', 'ND', '', '', '', ''),
	(8, '20b', 'ND', '', '', '', ''),
	(8, '21a', 'ND', '', '', '', ''),
	(8, '21b', '1', '', 'Seyr sa ney lopa ma lwak so-mo-kwe mo so-enkin-aw le, ipey k-o swaw mon ko-kwe. [and/also woman child NEG RCM be DDEM-GL.PL-TOP EMPH DDEM-MAN-RSTR come mother 3S.F-GEN stomach LOC GL.F-TOP]', '‘And also women without children come like that out of the mother’s womb (=these women are born like that).’', 'Lock 2011: 399'),
	(8, '22a', 'ND', '', '', '', ''),
	(8, '22b', 'ND', '', '', '', ''),
	(8, '23a', 'ND', '', '', '', ''),
	(8, '23b', 'ND', '', '', '', ''),
	(8, '24a', '1?', '', 'Seyr sa ney lopa ma lwak so-mo-kwe mo so-enkin-aw le, ipey k-o swaw mon ko-kwe. [and/also woman child NEG RCM be DDEM-GL.PL-TOP EMPH DDEM-MAN-RSTR come mother 3S.F-GEN stomach LOC GL.F-TOP]', '‘And also women without children come like that out of the mother’s womb (=these women are born like that).’', 'Lock 2011: 399'),
	(8, '24b', 'ND', '', '', '', ''),
	(8, '25a', 'ND', '', '', '', ''),
	(8, '25b', 'ND', '', '', '', '');


